{
  "contador": 98,
  "humedad_suelo": 73.56762737922567,
  "altura_cm": 3.2741973758533187,
  "numero_hojas": 2,
  "dia_cultivo": 1
}