{
  "contador": 12,
  "humedad_suelo": 65.37860463509615,
  "altura_cm": 5.904559518134467,
  "numero_hojas": 5
}