{
  "contador": 97,
  "humedad_suelo": 74.48009838152791,
  "altura_cm": 3.2741973758533187,
  "numero_hojas": 2,
  "dia_cultivo": 1
}