{
  "contador": 6,
  "humedad_suelo": 71.09418881277658,
  "altura_cm": 5.739331680586025,
  "numero_hojas": 5
}