{
  "contador": 7,
  "humedad_suelo": 70.29279366626712,
  "altura_cm": 5.762221619912403,
  "numero_hojas": 5
}