{
  "contador": 8,
  "humedad_suelo": 69.27835358020471,
  "altura_cm": 5.786121828597126,
  "numero_hojas": 5
}