{
  "contador": 11,
  "humedad_suelo": 66.46465870441138,
  "altura_cm": 5.894835514978691,
  "numero_hojas": 5
}