{
  "contador": 9,
  "humedad_suelo": 68.77304660127497,
  "altura_cm": 5.829115395390923,
  "numero_hojas": 5
}