{"contador": 2, "humedad_suelo": 74.17271266792842, "altura_cm": 5.591863304506584, "numero_hojas": 5}