{
  "contador": 10,
  "humedad_suelo": 67.4354156188965,
  "altura_cm": 5.886064059828207,
  "numero_hojas": 5
}