{"contador": 3, "humedad_suelo": 73.49932449547644, "altura_cm": 5.614608958004143, "numero_hojas": 5}