{
  "contador": 5,
  "humedad_suelo": 72.17314110772517,
  "altura_cm": 5.709314797770996,
  "numero_hojas": 5
}