{"contador": 1, "humedad_suelo": 75.03348706988994, "altura_cm": 5.545588949184138, "numero_hojas": 5}