{
  "contador": 4,
  "humedad_suelo": 72.92701384452205,
  "altura_cm": 5.668557431400221,
  "numero_hojas": 5
}